term_score,releaseDate_score,versionNum_score,processingL_score,allPop_score,monthPop_score,userPop_score,spatialR_score,temporalR_score,click_score,label
14.85,1.3330656E12,20.0,2.0,501.0,155.0,147.0,500.0,5040.0,10.0,Excellent
14.8,1.3330656E12,20.0,2.0,649.0,443.0,82.0,500.0,5040.0,70.0,Excellent
14.6,1.2806208E12,1.0,2.0,985.0,509.0,45.0,500.0,5040.0,8.0,Very good
14.47,1.331856E12,20.0,2.0,543.0,201.0,133.0,500.0,5040.0,32.0,Excellent
14.47,1.331856E12,20.0,2.0,553.0,197.0,202.0,500.0,5040.0,10.0,Excellent
14.47,1.4134176E12,20.0,2.0,620.0,247.0,488.0,500.0,5040.0,0.0,Excellent
14.47,1.4134176E12,20.0,2.0,622.0,243.0,489.0,500.0,5040.0,0.0,Excellent
14.42,1.3330656E12,20.0,3.0,253.0,93.0,24.0,111.0,5040.0,251.0,Very good
14.42,1.331856E12,20.0,2.0,542.0,202.0,181.0,500.0,5040.0,8.0,Excellent
14.2,1.461888E12,2.0,3.0,252.0,92.0,23.0,111.0,5040.0,0.0,Very good
14.15,1.3330656E12,20.0,3.0,458.0,149.0,152.0,111.0,5040.0,3.0,Very good
14.15,1.3330656E12,20.0,3.0,484.0,161.0,22.0,111.0,5040.0,80.0,Very good
14.11,9.993024E11,2.0,1.0,54.0,39.0,131.0,500.0,0.0,555.0,Excellent
13.95,1.461888E12,2.0,3.0,327.0,97.0,83.0,111.0,5040.0,0.0,Very good
13.82,1.2806208E12,1.0,2.0,1000.0,624.0,1000.0,500.0,5040.0,7.0,Very good
13.7,1.331856E12,20.0,2.0,549.0,204.0,178.0,500.0,5040.0,1.0,Excellent
13.7,1.414368E12,20.0,2.0,658.0,246.0,523.0,500.0,5040.0,0.0,Excellent
13.57,1.3330656E12,20.0,3.0,552.0,224.0,87.0,111.0,5040.0,18.0,Very good
13.57,1.3506048E12,20.0,3.0,576.0,218.0,231.0,111.0,5040.0,2.0,Very good
13.46,1.4134176E12,20.0,2.0,660.0,244.0,456.0,500.0,5040.0,0.0,Excellent
13.41,1.3330656E12,20.0,2.0,450.0,156.0,32.0,500.0,5040.0,94.0,Excellent
13.35,1.331856E12,20.0,1.0,127.0,54.0,229.0,111.0,5040.0,58.0,Excellent
13.29,1.3330656E12,20.0,3.0,469.0,145.0,226.0,111.0,5040.0,6.0,Very good
13.29,1.3330656E12,20.0,3.0,369.0,144.0,19.0,111.0,5040.0,74.0,Very good
13.29,1.3330656E12,20.0,3.0,554.0,165.0,119.0,111.0,5040.0,6.0,Very good
13.29,1.3330656E12,20.0,3.0,558.0,164.0,211.0,111.0,5040.0,18.0,Very good
13.08,1.3330656E12,20.0,3.0,342.0,100.0,100.0,111.0,5040.0,15.0,Very good
13.08,1.3330656E12,20.0,3.0,328.0,98.0,84.0,111.0,5040.0,29.0,Very good
13.08,1.3330656E12,20.0,3.0,334.0,147.0,29.0,111.0,5040.0,82.0,Good
13.08,1.3330656E12,20.0,3.0,466.0,158.0,224.0,111.0,5040.0,0.0,Good
13.08,1.3330656E12,20.0,3.0,500.0,163.0,301.0,111.0,5040.0,0.0,Good
13.08,1.3506048E12,20.0,3.0,573.0,195.0,110.0,111.0,5040.0,2.0,Very good
12.79,1.29384E12,1.0,3.0,686.0,495.0,97.0,111.0,5040.0,18.0,OK
12.79,1.29384E12,1.0,3.0,788.0,470.0,13.0,111.0,0.0,6.0,OK
12.79,1.29384E12,1.0,3.0,1000.0,637.0,446.0,111.0,0.0,1.0,OK
12.55,1.315872E12,1.0,2.0,678.0,391.0,128.0,4000.0,5040.0,20.0,Very good
12.53,1.29384E12,1.0,3.0,419.0,160.0,40.0,111.0,5040.0,25.0,Good
12.53,1.29384E12,1.0,3.0,773.0,450.0,220.0,111.0,0.0,1.0,Good
11.62,1.3341888E12,20.0,3.0,368.0,148.0,205.0,111.0,5040.0,28.0,Very good
11.51,1.3330656E12,20.0,3.0,786.0,415.0,465.0,111.0,5040.0,2.0,Good
11.51,1.3330656E12,20.0,3.0,832.0,402.0,647.0,111.0,5040.0,0.0,Very good
11.51,1.29384E12,20.0,3.0,1000.0,710.0,982.0,111.0,5040.0,0.0,Good
11.31,1.29384E12,20.0,3.0,641.0,245.0,49.0,111.0,5040.0,1.0,Good
11.31,1.29384E12,20.0,3.0,681.0,325.0,403.0,111.0,5040.0,0.0,Good
11.28,1.4016672E12,20.0,2.0,1000.0,594.0,989.0,500.0,5040.0,5.0,Excellent
11.28,1.3330656E12,20.0,2.0,427.0,134.0,51.0,500.0,5040.0,91.0,Excellent
10.87,1.3330656E12,20.0,3.0,480.0,199.0,455.0,111.0,5040.0,7.0,Very good
10.87,1.3341888E12,20.0,3.0,495.0,154.0,429.0,111.0,5040.0,1.0,Very good
10.87,1.3341888E12,20.0,3.0,512.0,181.0,503.0,111.0,5040.0,0.0,Very good
10.82,1.3330656E12,20.0,3.0,600.0,168.0,684.0,111.0,5040.0,0.0,Very good
10.82,1.3330656E12,20.0,3.0,828.0,401.0,671.0,111.0,5040.0,0.0,Very good
10.79,1.3341888E12,20.0,3.0,503.0,281.0,198.0,111.0,5040.0,9.0,Very good
10.79,1.3330656E12,20.0,3.0,621.0,253.0,613.0,111.0,5040.0,0.0,Good
10.63,1.3330656E12,20.0,3.0,435.0,203.0,144.0,111.0,5040.0,21.0,Good
10.61,1.331856E12,20.0,2.0,842.0,651.0,630.0,500.0,5040.0,28.0,Excellent
10.61,1.388448E12,5.0,2.0,1000.0,579.0,851.0,500.0,5040.0,20.0,Excellent
10.58,1.3330656E12,20.0,3.0,640.0,270.0,209.0,111.0,5040.0,5.0,Good
10.58,1.3330656E12,1.0,3.0,894.0,419.0,610.0,111.0,5040.0,0.0,Good
10.44,1.29384E12,20.0,3.0,615.0,177.0,560.0,111.0,5040.0,0.0,Good
10.44,1.3330656E12,20.0,3.0,618.0,205.0,700.0,111.0,5040.0,1.0,Very good
10.44,1.3330656E12,20.0,3.0,623.0,278.0,555.0,111.0,5040.0,0.0,Good
10.44,1.3330656E12,20.0,3.0,637.0,403.0,349.0,111.0,5040.0,0.0,Very good
10.44,1.3341888E12,20.0,3.0,668.0,279.0,472.0,111.0,5040.0,0.0,Very good
10.44,1.3341888E12,20.0,3.0,673.0,280.0,507.0,111.0,5040.0,0.0,Very good
10.44,1.29384E12,20.0,3.0,745.0,735.0,635.0,111.0,5040.0,7.0,Good
10.44,1.3330656E12,1.0,3.0,791.0,418.0,417.0,111.0,5040.0,0.0,Good
10.38,1.4134176E12,20.0,2.0,586.0,222.0,240.0,500.0,5040.0,0.0,Excellent
10.38,1.388448E12,5.0,2.0,1000.0,545.0,905.0,500.0,5040.0,14.0,Excellent
5.65,1.3069728E12,0.0,3.0,487.0,192.0,123.0,111.0,5040.0,0.0,Good
1.21,1.2989376E12,1.0,4.0,394.0,151.0,158.0,111.0,5040.0,12.0,OK
0.85,1.241136E12,1.0,4.0,39.0,35.0,2.0,36.63,120.0,25.0,OK
0.84,1.1963808E12,1.0,4.0,207.0,88.0,39.0,111.0,120.0,13.0,OK
0.57,1.2806208E12,1.0,3.0,300.0,118.0,27.0,111.0,5040.0,0.0,Very good
0.51,1.2806208E12,1.0,3.0,343.0,127.0,111.0,111.0,5040.0,0.0,Very good
0.51,1.2806208E12,1.0,3.0,457.0,167.0,232.0,111.0,5040.0,0.0,Good
